{
  "program_id": "PROG-20260222032713",
  "optimization_score": 0.62334,
  "objectives": {
    "utilization": 0.3,
    "cost": 0.2,
    "risk": 0.2,
    "schedule": 0.15,
    "alignment": 0.1,
    "synergy": 0.05
  },
  "_id": "PROG-20260222032713",
  "_updated_at": "2026-02-22T03:27:13.010382+00:00"
}