{
  "program_id": "PROG-20260227085753",
  "optimization_score": 0.62334,
  "objectives": {
    "utilization": 0.3,
    "cost": 0.2,
    "risk": 0.2,
    "schedule": 0.15,
    "alignment": 0.1,
    "synergy": 0.05
  },
  "_id": "PROG-20260227085753",
  "_updated_at": "2026-02-27T08:57:53.285548+00:00"
}