{
  "program_id": "PROG-20260227085928",
  "optimization_score": 0.7566700000000001,
  "objectives": {
    "utilization": 0.3,
    "cost": 0.2,
    "risk": 0.2,
    "schedule": 0.15,
    "alignment": 0.1,
    "synergy": 0.05
  },
  "_id": "PROG-20260227085928",
  "_updated_at": "2026-02-27T08:59:28.170435+00:00"
}