{
  "program_id": "PROG-20260222060251",
  "optimization_score": 0.62334,
  "objectives": {
    "utilization": 0.3,
    "cost": 0.2,
    "risk": 0.2,
    "schedule": 0.15,
    "alignment": 0.1,
    "synergy": 0.05
  },
  "_id": "PROG-20260222060251",
  "_updated_at": "2026-02-22T06:02:51.530854+00:00"
}